model,trainable_total,Q_proj,K_proj,V_proj,O_proj,QKV,Spectral,FFN,NormPosInputOther,QK_total,QK_share_percent,Spectral_share_percent
transformer,54272,4160,4160,4160,4160,0,0,33088,4544,8320,15.330188679245282,0.0
mikan,58368,4160,4160,4160,4160,0,4096,33088,4544,8320,14.25438596491228,7.017543859649122
performer,54272,4160,4160,4160,4160,0,0,33088,4544,8320,15.330188679245282,0.0
rka,59712,4160,4160,4160,4160,0,5440,33088,4544,8320,13.933547695605572,9.110396570203644
gmm_rks,56384,4160,4160,4160,4160,0,2112,33088,4544,8320,14.755959137343927,3.745743473325766
mgk,65192,2080,0,4160,4160,0,0,33088,21704,2080,3.1905755307399684,0.0
kpca_scaled,54273,0,0,0,4160,12480,0,33088,4545,0,0.0,0.0
metala,54304,2048,2048,4096,4096,0,0,33088,8928,4096,7.542722451384797,0.0
ours_latest,44424,0,0,0,4160,0,2632,33088,4544,0,0.0,5.9247253736718895
