model,seq_len,batch_size,d_model,n_heads,n_layers,M,inference_memory_bytes,training_memory_bytes,inference_memory_mb,training_memory_mb,peak_memory_mb,trainable_params,total_params,param_ratio,inference_time_ms,training_time_ms,inference_throughput,training_throughput,success
transformer,128,2,64,2,1,32,10804224,21244928,10.3037109375,20.2607421875,20.2607421875,54272,54272,100.0,0.6059789098799229,2.791255246847868,3300.444895675178,716.5235075719344,True
transformer,256,2,64,2,1,32,21388288,24853504,20.3974609375,23.7021484375,23.7021484375,54272,54272,100.0,0.5917837843298912,2.784591820091009,3379.612711532318,718.2381222159281,True
transformer,512,2,64,2,1,32,28662784,38503936,27.3349609375,36.72021484375,36.72021484375,54272,54272,100.0,0.5904278717935085,2.763332799077034,3387.373963096823,723.7637104977039,True
mikan,128,2,64,2,1,32,20519936,22379520,19.5693359375,21.3427734375,21.3427734375,58368,58368,100.0,1.174875721335411,4.806833621114492,1702.3077110885563,416.0743137051389,True
mikan,256,2,64,2,1,32,24812544,29164544,23.6630859375,27.8134765625,27.8134765625,58368,58368,100.0,1.154466811567545,4.76582208648324,1732.401468764947,419.6547759666423,True
mikan,512,2,64,2,1,32,39689216,54703104,37.8505859375,52.1689453125,52.1689453125,58368,58368,100.0,1.144530065357685,4.770081955939531,1747.442081720209,419.2800078643666,True
performer,128,2,64,2,1,32,19196928,21007872,18.3076171875,20.03466796875,20.03466796875,54272,54272,100.0,1.1716470122337341,4.2649731040000916,1706.9987625257702,468.93613423358113,True
performer,256,2,64,2,1,32,20081664,23178752,19.1513671875,22.10498046875,22.10498046875,54272,54272,100.0,1.1768829077482224,4.306106828153133,1699.4044070422271,464.45666115947,True
performer,512,2,64,2,1,32,21851136,27520512,20.8388671875,26.24560546875,26.24560546875,54272,54272,100.0,1.163382176309824,4.304084926843643,1719.1255296207785,464.6748458717518,True
rka,128,2,64,2,1,32,19944960,21541376,19.02099609375,20.54345703125,20.54345703125,59712,59712,100.0,1.1381415650248528,4.5206258073449135,1757.2506456666729,442.4166222186513,True
rka,256,2,64,2,1,32,23123456,25504256,22.05224609375,24.32275390625,24.32275390625,59712,59712,100.0,1.124273892492056,4.556161351501942,1778.9259479883654,438.96601671946905,True
rka,512,2,64,2,1,32,34199040,41073152,32.61474609375,39.17041015625,39.17041015625,59712,59712,100.0,1.2010181322693825,4.529427271336317,1665.2537928140205,441.556929869842,True
gmm_rks,128,2,64,2,1,32,19202560,21035008,18.31298828125,20.060546875,20.060546875,56384,56384,100.0,1.1886294931173325,4.941811226308346,1682.6101081799216,404.7099147277726,True
gmm_rks,256,2,64,2,1,32,20087296,23205888,19.15673828125,22.130859375,22.130859375,56384,56384,100.0,1.176008302718401,4.902706574648619,1700.6682651618205,407.9379358213665,True
gmm_rks,512,2,64,2,1,32,21856768,27547648,20.84423828125,26.271484375,26.271484375,56384,56384,100.0,1.1795653961598873,4.941807873547077,1695.539735661171,404.7101893025359,True
mgk,128,2,64,2,1,32,69421056,88200192,66.205078125,84.1142578125,84.1142578125,65192,65192,100.0,0.9169674478471279,3.749858681112528,2181.1025077232944,533.3534327769999,True
mgk,256,2,64,2,1,32,221153280,293665792,210.908203125,280.0615234375,280.0615234375,65192,65192,100.0,0.9091760031878948,3.656559158116579,2199.7940915590466,546.9622980283356,True
mgk,512,2,64,2,1,32,826607616,1113541632,788.314453125,1061.9560546875,1061.9560546875,65192,65192,100.0,2.1732413209974766,7.77031509205699,920.2843608191831,257.3898196283507,True
kpca_scaled,128,2,64,2,1,32,20438016,21982208,19.4912109375,20.9638671875,20.9638671875,54273,54273,100.0,0.7257740944623947,3.0224382877349854,2755.6784063524165,661.7173982065982,True
kpca_scaled,256,2,64,2,1,32,25844736,28419072,24.6474609375,27.1025390625,27.1025390625,54273,54273,100.0,0.7216962054371834,3.0282409861683846,2771.2491557142885,660.449419030745,True
kpca_scaled,512,2,64,2,1,32,46488576,53818368,44.3349609375,51.3251953125,51.3251953125,54273,54273,100.0,0.714009627699852,3.059857804328203,2801.082677894561,653.6251446622707,True
metala,128,2,64,2,1,32,0,0,0.0,0.0,0.0,54304,54304,100.0,0.0,0.0,0.0,0.0,False
metala,256,2,64,2,1,32,0,0,0.0,0.0,0.0,54304,54304,100.0,0.0,0.0,0.0,0.0,False
metala,512,2,64,2,1,32,0,0,0.0,0.0,0.0,54304,54304,100.0,0.0,0.0,0.0,0.0,False
ours_latest,128,2,64,2,1,32,19220992,21019136,18.33056640625,20.04541015625,20.04541015625,44424,56904,78.06832560101223,1.278166938573122,4.816123750060797,1564.7408328623287,415.27172136611995,True
ours_latest,256,2,64,2,1,32,20105728,23187968,19.17431640625,22.11376953125,22.11376953125,44424,56904,78.06832560101223,1.2821861542761326,4.792902246117592,1559.8359047396782,417.2837035472746,True
ours_latest,512,2,64,2,1,32,21875200,27525632,20.86181640625,26.25048828125,26.25048828125,44424,56904,78.06832560101223,1.262901071459055,4.84993364661932,1583.6553196438101,412.37677579240983,True
