model,throughput_seq128,throughput_seq256,throughput_seq512
gmm_rks,404.7099147277726,407.9379358213665,404.7101893025359
kpca_scaled,661.7173982065982,660.449419030745,653.6251446622707
metala,0.0,0.0,0.0
mgk,533.3534327769999,546.9622980283356,257.3898196283507
mikan,416.0743137051389,419.6547759666423,419.2800078643666
ours_latest,415.27172136611995,417.2837035472746,412.37677579240983
performer,468.93613423358113,464.45666115947,464.6748458717518
rka,442.4166222186513,438.96601671946905,441.556929869842
transformer,716.5235075719344,718.2381222159281,723.7637104977039
